<?xml version="1.0" encoding="UTF-8"?>
<project-private xmlns="http://www.netbeans.org/ns/project-private/1">
    <editor-bookmarks xmlns="http://www.netbeans.org/ns/editor-bookmarks/2" lastBookmarkId="0"/>
    <open-files xmlns="http://www.netbeans.org/ns/projectui-open-files/2">
        <group name="HMS">
            <file>file:/C:/Users/Muham/OneDrive/Documents/NetBeansProjects/Hospital%20Management%20System/src/DepartmentDetails.java</file>
            <file>file:/C:/Users/Muham/OneDrive/Documents/NetBeansProjects/Hospital%20Management%20System/src/DeletePatient.java</file>
            <file>file:/C:/Users/Muham/OneDrive/Documents/NetBeansProjects/Hospital%20Management%20System/src/Index.java</file>
            <file>file:/C:/Users/Muham/OneDrive/Documents/NetBeansProjects/Hospital%20Management%20System/src/doctorlogin.java</file>
            <file>file:/C:/Users/Muham/OneDrive/Documents/NetBeansProjects/Hospital%20Management%20System/src/splashcons.java</file>
        </group>
    </open-files>
</project-private>
